[
    {
        "input": "hello baby how are you\n",
        "translation": "\ud83d\udc4b\ud83d\udc76\ud83e\udd14",
        "emoji_codes": [
            "U+1F44B",
            "U+1F476",
            "U+1F914"
        ]
    },
    {
        "input": "\ud83d\udc4b\ud83d\udc76\ud83e\udd14 ",
        "translation": "Saying goodbye to a baby makes you wonder.",
        "type": "reverse"
    },
    {
        "input": "hey Guys i am goint to trip.",
        "translation": "\ud83d\udc4b\ud83d\udc6b\ud83d\ude97\ud83c\udf34",
        "emoji_codes": [
            "U+1F44B",
            "U+1F46B",
            "U+1F697",
            "U+1F334"
        ]
    },
    {
        "input": "\ud83d\udc4b\ud83d\udc6b\ud83d\ude97\ud83c\udf34",
        "translation": "Waving goodbye to our friends as we head off on a road trip to a tropical destination.",
        "type": "reverse"
    },
    {
        "input": "\ud83d\udc4b\ud83d\udc6b",
        "translation": "Saying goodbye to a couple.",
        "type": "reverse"
    },
    {
        "input": "\ud83d\udc4b",
        "translation": "A friendly greeting or saying goodbye.",
        "type": "reverse"
    },
    {
        "input": "\ud83d\udc4b",
        "translation": "A friendly wave hello.",
        "type": "reverse",
        "emoji_codes": [
            "U+1F44B"
        ]
    },
    {
        "input": "A friendly wave hello.",
        "translation": "\ud83d\udc4b\ud83c\udffc\ud83d\udc4b",
        "emoji_codes": [
            "U+1F44B",
            "U+1F3FC",
            "U+1F44B"
        ]
    }
]